{"cameraMode":{"drawMode":0,"name":"Shaded","section":"Shading Mode"},"sceneLighting":true,"audioPlay":false,"sceneViewState":{"m_AlwaysRefresh":false,"showFog":true,"showSkybox":true,"showFlares":true,"showImageEffects":true,"showParticleSystems":true,"showVisualEffectGraphs":true,"m_FxEnabled":true},"in2DMode":false,"pivot":{"x":-0.6747801303863525,"y":2.3223612308502199,"z":0.6779322028160095},"rotation":{"x":-0.16757161915302277,"y":0.6973061561584473,"z":-0.17309050261974336,"w":-0.6750730276107788},"size":1.9423964023590088,"orthographic":false}