{"cameraMode":{"drawMode":0,"name":"Shaded","section":"Shading Mode"},"sceneLighting":false,"audioPlay":false,"sceneViewState":{"m_AlwaysRefresh":false,"showFog":false,"showSkybox":false,"showFlares":false,"showImageEffects":false,"showParticleSystems":false,"showVisualEffectGraphs":false,"m_FxEnabled":true},"in2DMode":false,"pivot":{"x":-2.9400691986083986,"y":0.8350870609283447,"z":0.1980496048927307},"rotation":{"x":-0.07997654378414154,"y":0.8835644125938416,"z":-0.16380435228347779,"w":-0.4313945770263672},"size":0.09069633483886719,"orthographic":false}