{"cameraMode":{"drawMode":0,"name":"Shaded","section":"Shading Mode"},"sceneLighting":false,"audioPlay":false,"sceneViewState":{"m_AlwaysRefresh":false,"showFog":false,"showSkybox":false,"showFlares":false,"showImageEffects":false,"showParticleSystems":false,"showVisualEffectGraphs":false,"m_FxEnabled":true},"in2DMode":false,"pivot":{"x":-0.0061003342270851139,"y":0.5865249633789063,"z":0.5991920232772827},"rotation":{"x":-0.11933402717113495,"y":0.4620375335216522,"z":-0.06290380656719208,"w":-0.8765532970428467},"size":0.05815597623586655,"orthographic":false}